"No","NPSN","Nama Sekolah","Provinsi","Kabupaten","Username Login","Password"
"1","10110698","SMP NEGERI 3 WOYLA TIMUR","Prov. Aceh","Kab. Aceh Barat","10110698","Bantek@0698"
"2","69945399","SMP NEGERI 3 KLUET TENGAH","Prov. Aceh","Kab. Aceh Selatan","69945399","Bantek@5399"
"3","10102697","SMP.NEGERI 1 KLUET TENGAH","Prov. Aceh","Kab. Aceh Selatan","10102697","Bantek@2697"
"4","10111445","UPTD SPF SMP Negeri 2 Danau Paris","Prov. Aceh","Kab. Aceh Singkil","10111445","Bantek@1445"
"5","10107510","SMPN 26 TAKENGON","Prov. Aceh","Kab. Aceh Tengah","10107510","Bantek@7510"
"6","10101926","SMPN 1 LOKOP","Prov. Aceh","Kab. Aceh Timur","10101926","Bantek@1926"
"7","69966397","SMP PPTQ ACEH UTARA","Prov. Aceh","Kab. Aceh Utara","69966397","Bantek@6397"
"8","70008040","SMP TASTAFI TERPADU YAYASAN DAYAH NURUL HUDA","Prov. Aceh","Kab. Aceh Utara","70008040","Bantek@8040"
"9","70035644","SMPS IT INSAN MUDA","Prov. Aceh","Kab. Aceh Utara","70035644","Bantek@5644"
"10","10111318","SMPN 5 TANGSE","Prov. Aceh","Kab. Pidie","10111318","Bantek@1318"
"11","69754630","SMP NEGERI 11 SATU ATAP WONOSARI","Prov. Gorontalo","Kab. Boalemo","69754630","Bantek@4630"
"12","10506847","SMP NEGERI 21 SAROLANGUN","Prov. Jambi","Kab. Sarolangun","10506847","Bantek@6847"
"13","10506878","SMP NEGERI SATU ATAP 19 SAROLANGUN","Prov. Jambi","Kab. Sarolangun","10506878","Bantek@6878"
"14","10505943","SMP Negeri 43 Tanjung Jabung Barat","Prov. Jambi","Kab. Tanjung Jabung Barat","10505943","Bantek@5943"
"15","20217055","SMP NEGERI 1 CIASEM","Prov. Jawa Barat","Kab. Subang","20217055","Bantek@7055"
"16","30108572","SMP NEGERI 2 LEMBAH BAWANG","Prov. Kalimantan Barat","Kab. Bengkayang","30108572","Bantek@8572"
"17","30107424","SMP NEGERI 3 TERENTANG","Prov. Kalimantan Barat","Kab. Kubu Raya","30107424","Bantek@7424"
"18","69762679","SMP NEGERI 8 SATAP BATU AMPAR","Prov. Kalimantan Barat","Kab. Kubu Raya","69762679","Bantek@2679"
"19","30107402","SMP SANTA URSULA","Prov. Kalimantan Barat","Kab. Kubu Raya","30107402","Bantek@7402"
"20","30109783","SMP NEGERI 4 MENYUKE","Prov. Kalimantan Barat","Kab. Landak","30109783","Bantek@9783"
"21","30108099","SMP NEGERI 5 SAYAN","Prov. Kalimantan Barat","Kab. Melawi","30108099","Bantek@8099"
"22","30109691","SMP NEGERI 5 TANAH PINOH BARAT","Prov. Kalimantan Barat","Kab. Melawi","30109691","Bantek@9691"
"23","60724676","SMP NEGERI 8 SATAP MENUKUNG","Prov. Kalimantan Barat","Kab. Melawi","60724676","Bantek@4676"
"24","69831637","SMP NEGERI 4 SADANIANG","Prov. Kalimantan Barat","Kab. Mempawah","69831637","Bantek@1637"
"25","30112525","SMP NEGERI 03 SATAP NOYAN","Prov. Kalimantan Barat","Kab. Sanggau","30112525","Bantek@2525"
"26","30311979","SMP NEGERI 9 MUARA UYA","Prov. Kalimantan Selatan","Kab. Tabalong","30311979","Bantek@1979"
"27","69949257","SMP NEGERI 1 TEWEH BARU","Prov. Kalimantan Tengah","Kab. Barito Utara","69949257","Bantek@9257"
"28","30204170","SMP NEGERI 6 KATINGAN TENGAH","Prov. Kalimantan Tengah","Kab. Katingan","30204170","Bantek@4170"
"29","30204274","SMP NEGERI SATU ATAP 1 CEMPAGA HULU","Prov. Kalimantan Tengah","Kab. Kotawaringin Timur","30204274","Bantek@4274"
"30","30406120","SMP NEGERI 4 LONG KALI","Prov. Kalimantan Timur","Kab. Paser","30406120","Bantek@6120"
"31","69864683","SMP NEGERI 6 TANJUNG HARAPAN","Prov. Kalimantan Timur","Kab. Paser","69864683","Bantek@4683"
"32","11002810","SMP NEGERI 1 KEPULAUAN POSEK","Prov. Kepulauan Riau","Kab. Lingga","11002810","Bantek@2810"
"33","10810844","SMP NEGERI 26 KRUI","Prov. Lampung","Kab. Pesisir Barat","10810844","Bantek@0844"
"34","10810846","SMP NEGERI SATU ATAP 2 KRUI","Prov. Lampung","Kab. Pesisir Barat","10810846","Bantek@0846"
"35","10811028","SMP NEGERI SATU ATAP PEMATANG SAWA","Prov. Lampung","Kab. Tanggamus","10811028","Bantek@1028"
"36","69980311","SMP SATU ATAP 2 CUKUH BALAK","Prov. Lampung","Kab. Tanggamus","69980311","Bantek@0311"
"37","69787356","SMP NEGERI SATU ATAP 2 DENTE TELADAS","Prov. Lampung","Kab. Tulang Bawang","69787356","Bantek@7356"
"38","60101819","SMP KRISTEN 2 LONGGAR APARA","Prov. Maluku","Kab. Kepulauan Aru","60101819","Bantek@1819"
"39","60101825","SMP NASKAT KABALSIANG BENJURING","Prov. Maluku","Kab. Kepulauan Aru","60101825","Bantek@1825"
"40","60101360","SMP NEGERI 2 TANIMBAR UTARA","Prov. Maluku","Kab. Kepulauan Tanimbar","60101360","Bantek@1360"
"41","69787151","SMP NEGERI 2 WERMAKTIAN","Prov. Maluku","Kab. Kepulauan Tanimbar","69787151","Bantek@7151"
"42","70003800","SMP NEGERI 3 WERMAKTIAN","Prov. Maluku","Kab. Kepulauan Tanimbar","70003800","Bantek@3800"
"43","60103189","SMP NEGERI 6 AHANARI","Prov. Maluku","Kab. Maluku Barat Daya","60103189","Bantek@3189"
"44","60102511","SMP NEGERI 21 SERAM BAGIAN TIMUR","Prov. Maluku","Kab. Seram Bagian Timur","60102511","Bantek@2511"
"45","60101656","SMP NEGERI 3 SERAM BAGIAN TIMUR","Prov. Maluku","Kab. Seram Bagian Timur","60101656","Bantek@1656"
"46","60103747","SMP NEGERI 41 SERAM BAGIAN TIMUR","Prov. Maluku","Kab. Seram Bagian Timur","60103747","Bantek@3747"
"47","60102953","SMP PGRI KILGA","Prov. Maluku","Kab. Seram Bagian Timur","60102953","Bantek@2953"
"48","60201615","SMP NEGERI 34 HALMAHERA SELATAN","Prov. Maluku Utara","Kab. Halmahera Selatan","60201615","Bantek@1615"
"49","70034146","SMP KRISTEN GEORGE RORIWO","Prov. Maluku Utara","Kab. Halmahera Utara","70034146","Bantek@4146"
"50","60202503","SMP NEGERI 1 MANGOLI TENGAH","Prov. Maluku Utara","Kab. Kepulauan Sula","60202503","Bantek@2503"
"51","60202279","SMP NEGERI 1 SANANA UTARA","Prov. Maluku Utara","Kab. Kepulauan Sula","60202279","Bantek@2279"
"52","60200521","SMP NEGERI 1 SULABESI BARAT","Prov. Maluku Utara","Kab. Kepulauan Sula","60200521","Bantek@0521"
"53","60202277","SMP NEGERI 1 SULABESI SELATAN","Prov. Maluku Utara","Kab. Kepulauan Sula","60202277","Bantek@2277"
"54","60202559","SMP NEGERI 3 SATU ATAP MANGOLI BARAT","Prov. Maluku Utara","Kab. Kepulauan Sula","60202559","Bantek@2559"
"55","60202560","SMP NEGERI 3 SATU ATAP MANGOLI UTARA","Prov. Maluku Utara","Kab. Kepulauan Sula","60202560","Bantek@2560"
"56","69787402","SMP NEGERI 4 SANANA UTARA","Prov. Maluku Utara","Kab. Kepulauan Sula","69787402","Bantek@7402"
"57","70032463","SMP NEGERI 9 TALIABU UTARA","Prov. Maluku Utara","Kab. Pulau Taliabu","70032463","Bantek@2463"
"58","70049624","SMP ISLAM AL-JUNARIS BAYANUL HAQ","Prov. Nusa Tenggara Barat","Kab. Lombok Utara","70049624","Bantek@9624"
"59","50219430","SMPN SATAP 1 KAYANGAN","Prov. Nusa Tenggara Barat","Kab. Lombok Utara","50219430","Bantek@9430"
"60","50300212","UPTD SMP NEGERI 1 AMFOANG UTARA KEC. AMFOANG UTARA","Prov. Nusa Tenggara Timur","Kab. Kupang","50300212","Bantek@0212"
"61","69989069","UPTD SMP NEGERI 5 AMARASI TIMUR KEC. AMARASI TIMUR","Prov. Nusa Tenggara Timur","Kab. Kupang","69989069","Bantek@9069"
"62","50309366","SMP NEGERI METAMAUK","Prov. Nusa Tenggara Timur","Kab. Malaka","50309366","Bantek@9366"
"63","69899281","SMP Negeri Wederok","Prov. Nusa Tenggara Timur","Kab. Malaka","69899281","Bantek@9281"
"64","70051720","SMP PLUS ST JHON FISHER WEKBELAR","Prov. Nusa Tenggara Timur","Kab. Malaka","70051720","Bantek@1720"
"65","50308611","SMP NEGERI 6 BORONG","Prov. Nusa Tenggara Timur","Kab. Manggarai Timur","50308611","Bantek@8611"
"66","69727394","UPTD SMP NEGERI 1 SABU LIAE","Prov. Nusa Tenggara Timur","Kab. Sabu Raijua","69727394","Bantek@7394"
"67","50308043","SMP NEGERI 3 LAMBOYA","Prov. Nusa Tenggara Timur","Kab. Sumba Barat","50308043","Bantek@8043"
"68","69727622","SMP NEGERI 1 KODI BALAGHAR","Prov. Nusa Tenggara Timur","Kab. Sumba Barat Daya","69727622","Bantek@7622"
"69","50304045","SMP NEGERI 1 WEWEWA TIMUR","Prov. Nusa Tenggara Timur","Kab. Sumba Barat Daya","50304045","Bantek@4045"
"70","50304059","SMP NEGERI 2 KODI","Prov. Nusa Tenggara Timur","Kab. Sumba Barat Daya","50304059","Bantek@4059"
"71","69727785","SMP NEGERI 4 KODI","Prov. Nusa Tenggara Timur","Kab. Sumba Barat Daya","69727785","Bantek@7785"
"72","50304049","SMPK WONA KAKA","Prov. Nusa Tenggara Timur","Kab. Sumba Barat Daya","50304049","Bantek@4049"
"73","60300337","SMP NEGERI 1 YENDIDORI","Prov. Papua","Kab. Biak Numfor","60300337","Bantek@0337"
"74","60301712","SMP NEGERI 4 BIAK BARAT","Prov. Papua","Kab. Biak Numfor","60301712","Bantek@1712"
"75","60303097","SMP NEGERI 1 ARSO","Prov. Papua","Kab. Keerom","60303097","Bantek@3097"
"76","60303511","SMP NEGERI 5 ARSO","Prov. Papua","Kab. Keerom","60303511","Bantek@3511"
"77","60303099","SMP NEGERI 6 ARSO","Prov. Papua","Kab. Keerom","60303099","Bantek@3099"
"78","69725911","SMP NEGERI 7 YETTI","Prov. Papua","Kab. Keerom","69725911","Bantek@5911"
"79","69964912","SMP SATU ATAP BOMPAI","Prov. Papua","Kab. Keerom","69964912","Bantek@4912"
"80","70037364","SMP YPK BETLEHEM","Prov. Papua","Kab. Keerom","70037364","Bantek@7364"
"81","69767772","SMP YPK ALFA OMEGA UREIFAISEI","Prov. Papua","Kab. Waropen","69767772","Bantek@7772"
"82","60403622","SMP NEGERI 24 DATARAN ISIM","Prov. Papua Barat","Kab. Manokwari Selatan","60403622","Bantek@3622"
"83","69889080","SMP SATAP MAWI","Prov. Papua Barat","Kab. Manokwari Selatan","69889080","Bantek@9080"
"84","60403872","SMP NEGERI 05 CATUBOUW","Prov. Papua Barat","Kab. Pegunungan Arfak","60403872","Bantek@3872"
"85","60401946","SMPN SIBENA","Prov. Papua Barat","Kab. Teluk Bintuni","60401946","Bantek@1946"
"86","70035490","SMP Negeri 31 Kabupaten Sorong","Prov. Papua Barat Daya","Kab. Sorong","70035490","Bantek@5490"
"87","60301553","SMP KRISTEN BALIEM TERPADU","Prov. Papua Pegunungan","Kab. Jayawijaya","60301553","Bantek@1553"
"88","69896511","SMP KRISTEN BIJI SESAWI WAMENA","Prov. Papua Pegunungan","Kab. Jayawijaya","69896511","Bantek@6511"
"89","60301554","SMP KRISTEN WAMENA","Prov. Papua Pegunungan","Kab. Jayawijaya","60301554","Bantek@1554"
"90","60300791","SMP NEGERI 1 ASOLOGAIMA","Prov. Papua Pegunungan","Kab. Jayawijaya","60300791","Bantek@0791"
"91","60301557","SMP NEGERI I KURULU","Prov. Papua Pegunungan","Kab. Jayawijaya","60301557","Bantek@1557"
"92","60303892","SMP NEGERI TAGIME","Prov. Papua Pegunungan","Kab. Jayawijaya","60303892","Bantek@3892"
"93","69980270","SMP YAPESLI WAMENA","Prov. Papua Pegunungan","Kab. Jayawijaya","69980270","Bantek@0270"
"94","60302960","SMP YASORES WAMENA","Prov. Papua Pegunungan","Kab. Jayawijaya","60302960","Bantek@2960"
"95","60301587","SMP YPPGI ANIGOU WAMENA","Prov. Papua Pegunungan","Kab. Jayawijaya","60301587","Bantek@1587"
"96","60303329","SMP NINIA","Prov. Papua Pegunungan","Kab. Yahukimo","60303329","Bantek@3329"
"97","70034555","SMP ANUGERAH TERINDAH","Prov. Papua Selatan","Kab. Boven Digoel","70034555","Bantek@4555"
"98","69980064","SMP Negeri 2 Krounjendit Mindiptana","Prov. Papua Selatan","Kab. Boven Digoel","69980064","Bantek@0064"
"99","60303792","SMP NEGERI 1 DOGIYAI","Prov. Papua Tengah","Kab. Dogiyai","60303792","Bantek@3792"
"100","60304164","SMP NEGERI 1 KAMU TIMUR","Prov. Papua Tengah","Kab. Dogiyai","60304164","Bantek@4164"
"101","60300804","SMP YPPGI GOLGUTA IKRAR","Prov. Papua Tengah","Kab. Dogiyai","60300804","Bantek@0804"
"102","60302872","SMP NEGERI 6 MIMIKA","Prov. Papua Tengah","Kab. Mimika","60302872","Bantek@2872"
"103","69859734","SMP NEGERI 9 MIMIKA","Prov. Papua Tengah","Kab. Mimika","69859734","Bantek@9734"
"104","70013168","SMP YAPIS AL-IJTIHAAD MADI","Prov. Papua Tengah","Kab. Paniai","70013168","Bantek@3168"
"105","70013167","SMP YPPGI KEPAS KOPO","Prov. Papua Tengah","Kab. Paniai","70013167","Bantek@3167"
"106","60302447","SMP YPPK EPOUTO","Prov. Papua Tengah","Kab. Paniai","60302447","Bantek@2447"
"107","10494439","SMPN SATU ATAP BELANTARAYA","Prov. Riau","Kab. Indragiri Hilir","10494439","Bantek@4439"
"108","69855408","UPT SMP NEGERI SATU ATAP BALUNG","Prov. Riau","Kab. Kampar","69855408","Bantek@5408"
"109","10495302","SMP NEGERI 3 PULAU MERBAU","Prov. Riau","Kab. Kepulauan Meranti","10495302","Bantek@5302"
"110","69939832","SMP NEGERI 4 MERBAU","Prov. Riau","Kab. Kepulauan Meranti","69939832","Bantek@9832"
"111","69815329","SMP NEGERI 5 PULAU MERBAU","Prov. Riau","Kab. Kepulauan Meranti","69815329","Bantek@5329"
"112","10495432","SMP NEGERI 6 RANGSANG","Prov. Riau","Kab. Kepulauan Meranti","10495432","Bantek@5432"
"113","10495613","SMP NEGERI 6 ROKAN IV KOTO","Prov. Riau","Kab. Rokan Hulu","10495613","Bantek@5613"
"114","69988384","SMP SWASTA PUTRI SION YUSMARSAH","Prov. Riau","Kab. Rokan Hulu","69988384","Bantek@8384"
"115","40604265","SMP NEGERI 2 SATAP MESSAWA","Prov. Sulawesi Barat","Kab. Mamasa","40604265","Bantek@4265"
"116","69908989","SMP NEGERI 3 PANA","Prov. Sulawesi Barat","Kab. Mamasa","69908989","Bantek@8989"
"117","40605711","SMP SWASTA BERBUDI KOPIAN","Prov. Sulawesi Barat","Kab. Mamasa","40605711","Bantek@5711"
"118","40602674","SMP TUNAS HARAPAN BURANA","Prov. Sulawesi Barat","Kab. Mamasa","40602674","Bantek@2674"
"119","69978925","SMPS CAHAYA CLARA","Prov. Sulawesi Barat","Kab. Mamasa","69978925","Bantek@8925"
"120","40604546","SMP NEGERI 2 KALUMPANG","Prov. Sulawesi Barat","Kab. Mamuju","40604546","Bantek@4546"
"121","40604823","SMPN 3 Kalumpang","Prov. Sulawesi Barat","Kab. Mamuju","40604823","Bantek@4823"
"122","69973024","UPTD SMP NEGERI SATU ATAP SALULEBO","Prov. Sulawesi Barat","Kab. Mamuju Tengah","69973024","Bantek@3024"
"123","40605719","SMP NEGERI SATAP DAALA TIMUR","Prov. Sulawesi Barat","Kab. Polewali Mandar","40605719","Bantek@5719"
"124","69788001","SMP NEGERI SATU ATAP PUPPURING","Prov. Sulawesi Barat","Kab. Polewali Mandar","69788001","Bantek@8001"
"125","40309285","SMP NEGERI SATAP KAILI","Prov. Sulawesi Selatan","Kab. Luwu","40309285","Bantek@9285"
"126","40309280","SMP PESANTREN SINERGI MULYA","Prov. Sulawesi Selatan","Kab. Luwu","40309280","Bantek@9280"
"127","40314258","SMPN 1 ULUSALU","Prov. Sulawesi Selatan","Kab. Luwu","40314258","Bantek@4258"
"128","40318173","SMPN SATAP DAMPAN","Prov. Sulawesi Selatan","Kab. Luwu","40318173","Bantek@8173"
"129","69886182","UPT SMPN 13 SATAP LIUKANG TANGAYA","Prov. Sulawesi Selatan","Kab. Pangkajene Dan Kepulauan","69886182","Bantek@6182"
"130","40309799","UPT SMPN 1 SIMBUANG","Prov. Sulawesi Selatan","Kab. Tana Toraja","40309799","Bantek@9799"
"131","40316759","UPT SMPN 3 BONGGAKARADENG","Prov. Sulawesi Selatan","Kab. Tana Toraja","40316759","Bantek@6759"
"132","40309766","UPT SMPN SATAP 2 SIMBUANG","Prov. Sulawesi Selatan","Kab. Tana Toraja","40309766","Bantek@9766"
"133","40318116","UPT SMPN SATAP 3 MAPPAK","Prov. Sulawesi Selatan","Kab. Tana Toraja","40318116","Bantek@8116"
"134","40318439","SMP NEGERI 3 BARUPPU SATAP","Prov. Sulawesi Selatan","Kab. Toraja Utara","40318439","Bantek@8439"
"135","69770321","SMP LPPKD Tolongano","Prov. Sulawesi Tengah","Kab. Donggala","69770321","Bantek@0321"
"136","40200663","SMP NEGERI 2 SOJOL","Prov. Sulawesi Tengah","Kab. Donggala","40200663","Bantek@0663"
"137","69765063","SMP NEGERI 3 LABUAN","Prov. Sulawesi Tengah","Kab. Donggala","69765063","Bantek@5063"
"138","40200637","SMP NEGERI 4 DAMPELAS","Prov. Sulawesi Tengah","Kab. Donggala","40200637","Bantek@0637"
"139","69762722","SMP NEGERI 8 Satap Mbuwu Banawa Selatan","Prov. Sulawesi Tengah","Kab. Donggala","69762722","Bantek@2722"
"140","69787776","SMP NEGERI SATAP 4 SINDUE TOBATA","Prov. Sulawesi Tengah","Kab. Donggala","69787776","Bantek@7776"
"141","69896187","SMPN 7 Balaesang Tanjung","Prov. Sulawesi Tengah","Kab. Donggala","69896187","Bantek@6187"
"142","69786467","SMPN SATAP 5 BALAESANG","Prov. Sulawesi Tengah","Kab. Donggala","69786467","Bantek@6467"
"143","40206269","SMPN SATAP 7 DAMPELAS","Prov. Sulawesi Tengah","Kab. Donggala","40206269","Bantek@6269"
"144","40200669","SMP NEGERI 14 SIGI","Prov. Sulawesi Tengah","Kab. Sigi","40200669","Bantek@0669"
"145","69760832","SMP NEGERI 25 POLEANG BARAT","Prov. Sulawesi Tenggara","Kab. Bombana","69760832","Bantek@0832"
"146","40404877","SMP NEGERI 3 KULISUSU UTARA","Prov. Sulawesi Tenggara","Kab. Buton Utara","40404877","Bantek@4877"
"147","40403724","SMP NEGERI 5 WATUBANGGA","Prov. Sulawesi Tenggara","Kab. Kolaka","40403724","Bantek@3724"
"148","69953300","SMPN SATAP 1 TANGGETADA","Prov. Sulawesi Tenggara","Kab. Kolaka","69953300","Bantek@3300"
"149","69820628","SMP NEGERI SATAP 2 AERE","Prov. Sulawesi Tenggara","Kab. Kolaka Timur","69820628","Bantek@0628"
"150","40405253","SMP Negeri Satu Atap 9 Kolaka Utara","Prov. Sulawesi Tenggara","Kab. Kolaka Utara","40405253","Bantek@5253"
"151","69961531","SMP KRISTEN CAHAYA BANGSA TUAPEJAT","Prov. Sumatera Barat","Kab. Kepulauan Mentawai","69961531","Bantek@1531"
"152","10310814","SMP LENTERA HARAPAN SIBERUT SELATAN","Prov. Sumatera Barat","Kab. Kepulauan Mentawai","10310814","Bantek@0814"
"153","70013741","SMP NEGERI 3 SIBERUT BARAT DAYA","Prov. Sumatera Barat","Kab. Kepulauan Mentawai","70013741","Bantek@3741"
"154","10307826","SMP N 4 HILIRAN GUMANTI","Prov. Sumatera Barat","Kab. Solok","10307826","Bantek@7826"
"155","10306959","SMP NEGERI 18 SOLOK SELATAN","Prov. Sumatera Barat","Kab. Solok Selatan","10306959","Bantek@6959"
"156","70013289","SMP NEGERI 14 BAYUNG LENCIR","Prov. Sumatera Selatan","Kab. Musi Banyuasin","70013289","Bantek@3289"
"157","10646488","SMP NEGERI PULAU LEBAR","Prov. Sumatera Selatan","Kab. Musi Rawas Utara","10646488","Bantek@6488"
"158","70001923","SMP NEGERI SUNGAI LANANG","Prov. Sumatera Selatan","Kab. Musi Rawas Utara","70001923","Bantek@1923"
"159","10645855","SMPN 3 CENGAL","Prov. Sumatera Selatan","Kab. Ogan Komering Ilir","10645855","Bantek@5855"
"160","70013629","SMP-IP YAYASAN ABDUS SALAM","Prov. Sumatera Selatan","Kab. Ogan Komering Ulu Selatan","70013629","Bantek@3629"
"161","10646106","UPT SMP NEGERI 2 BPR RANAU TENGAH","Prov. Sumatera Selatan","Kab. Ogan Komering Ulu Selatan","10646106","Bantek@6106"
"162","10212741","SMP NEGERI 1 BOTOMUZOI","Prov. Sumatera Utara","Kab. Nias","10212741","Bantek@2741"
"163","10260046","SMP NEGERI 1 MAU","Prov. Sumatera Utara","Kab. Nias","10260046","Bantek@0046"
"164","10260074","SMP NEGERI 2 HILIDUHO","Prov. Sumatera Utara","Kab. Nias","10260074","Bantek@0074"
"165","69761856","SMP Negeri 2 Ma u","Prov. Sumatera Utara","Kab. Nias","69761856","Bantek@1856"
"166","10258404","SMP NEGERI 3 BAWOLATO","Prov. Sumatera Utara","Kab. Nias","10258404","Bantek@8404"
"167","60726295","SMP NEGERI 4 GIDO","Prov. Sumatera Utara","Kab. Nias","60726295","Bantek@6295"
"168","69725692","SMPN 5 Bawolato","Prov. Sumatera Utara","Kab. Nias","69725692","Bantek@5692"
"169","10258377","UPTD SMP NEGERI 1 MORO O","Prov. Sumatera Utara","Kab. Nias Barat","10258377","Bantek@8377"
"170","10260550","SMP NEGERI 3 HURUNA","Prov. Sumatera Utara","Kab. Nias Selatan","10260550","Bantek@0550"
"171","10258690","SMP N 2 NAMOHALU ESIWA","Prov. Sumatera Utara","Kab. Nias Utara","10258690","Bantek@8690"
"172","10212754","SMP N 3 ALASA TALUMUZOI","Prov. Sumatera Utara","Kab. Nias Utara","10212754","Bantek@2754"
"173","69943460","SMP NEGERI 5 LAHEWA","Prov. Sumatera Utara","Kab. Nias Utara","69943460","Bantek@3460"
